GameType,PlayerA,PlayerB,Group,StartTimeIsrael,DurationMs,MatchOutcome,SubActsJson
RPSLS,Orbit_TeraPirateZ_2,Orbit_Yossi_dummybot_4,Group H,2026-02-22 11:23:20,1274,3,"[""=== RPSLS Match: Orbit_TeraPirateZ_2 vs Orbit_Yossi_dummybot_4 ==="",""Max Rounds: 10"","""",""Round 1: Orbit_TeraPirateZ_2 (Paper) beats Orbit_Yossi_dummybot_4 (Spock) - Score: 1-0"",""Round 2: Orbit_Yossi_dummybot_4 (Spock) beats Orbit_TeraPirateZ_2 (Scissors) - Score: 1-1"",""Round 3: Orbit_TeraPirateZ_2 (Lizard) beats Orbit_Yossi_dummybot_4 (Spock) - Score: 2-1"",""Round 4: Draw - Spock vs Spock - Score: 2-1"",""Round 5: Orbit_Yossi_dummybot_4 (Spock) beats Orbit_TeraPirateZ_2 (Rock) - Score: 2-2"",""Round 6: Orbit_TeraPirateZ_2 (Paper) beats Orbit_Yossi_dummybot_4 (Spock) - Score: 3-2"",""Round 7: Orbit_Yossi_dummybot_4 (Spock) beats Orbit_TeraPirateZ_2 (Scissors) - Score: 3-3"",""Round 8: Orbit_TeraPirateZ_2 (Lizard) beats Orbit_Yossi_dummybot_4 (Spock) - Score: 4-3"",""Round 9: Draw - Spock vs Spock - Score: 4-3"",""Round 10: Orbit_Yossi_dummybot_4 (Spock) beats Orbit_TeraPirateZ_2 (Rock) - Score: 4-4"","""",""=== Final Result ==="",""Winner: Draw"",""Final Score: Orbit_TeraPirateZ_2 4 - 4 Orbit_Yossi_dummybot_4"",""Duration: 00:00:01.2748917""]"
﻿RPSLS,Orbit_Yossi_winnerbot_17,Orbit_Yossi_winnerbot_25,Group G,2026-02-22 11:23:20,1347,3,"[""=== RPSLS Match: Orbit_Yossi_winnerbot_17 vs Orbit_Yossi_winnerbot_25 ==="",""Max Rounds: 10"","""",""Round 1: Draw - Scissors vs Scissors - Score: 0-0"",""Round 2: Draw - Rock vs Rock - Score: 0-0"",""Round 3: Draw - Rock vs Rock - Score: 0-0"",""Round 4: Draw - Lizard vs Lizard - Score: 0-0"",""Round 5: Draw - Paper vs Paper - Score: 0-0"",""Round 6: Draw - Scissors vs Scissors - Score: 0-0"",""Round 7: Draw - Rock vs Rock - Score: 0-0"",""Round 8: Draw - Rock vs Rock - Score: 0-0"",""Round 9: Draw - Lizard vs Lizard - Score: 0-0"",""Round 10: Draw - Paper vs Paper - Score: 0-0"","""",""=== Final Result ==="",""Winner: Draw"",""Final Score: Orbit_Yossi_winnerbot_17 0 - 0 Orbit_Yossi_winnerbot_25"",""Duration: 00:00:01.3472019""]"
﻿RPSLS,Orbit_LightningLightning3000_511,Orbit_AggressorBot,Group A,2026-02-22 11:23:20,1180,1,"[""=== RPSLS Match: Orbit_LightningLightning3000_511 vs Orbit_AggressorBot ==="",""Max Rounds: 10"","""",""Round 1: Orbit_LightningLightning3000_511 (Paper) beats Orbit_AggressorBot (Rock) - Score: 1-0"",""Round 2: Orbit_LightningLightning3000_511 (Scissors) beats Orbit_AggressorBot (Lizard) - Score: 2-0"",""Round 3: Orbit_LightningLightning3000_511 (Lizard) beats Orbit_AggressorBot (Spock) - Score: 3-0"",""Round 4: Orbit_AggressorBot (Paper) beats Orbit_LightningLightning3000_511 (Spock) - Score: 3-1"",""Round 5: Orbit_LightningLightning3000_511 (Rock) beats Orbit_AggressorBot (Lizard) - Score: 4-1"",""Round 6: Orbit_LightningLightning3000_511 (Paper) beats Orbit_AggressorBot (Rock) - Score: 5-1"",""Round 7: Draw - Scissors vs Scissors - Score: 5-1"",""Round 8: Orbit_LightningLightning3000_511 (Lizard) beats Orbit_AggressorBot (Spock) - Score: 6-1"",""Round 9: Orbit_AggressorBot (Paper) beats Orbit_LightningLightning3000_511 (Spock) - Score: 6-2"",""Round 10: Orbit_LightningLightning3000_511 (Rock) beats Orbit_AggressorBot (Lizard) - Score: 7-2"","""",""=== Final Result ==="",""Winner: Orbit_LightningLightning3000_511"",""Final Score: Orbit_LightningLightning3000_511 7 - 2 Orbit_AggressorBot"",""Duration: 00:00:01.1806412""]"
﻿RPSLS,Orbit_HyperAndroidMK1_508,Orbit_PatternBot,Group I,2026-02-22 11:23:20,1516,2,"[""=== RPSLS Match: Orbit_HyperAndroidMK1_508 vs Orbit_PatternBot ==="",""Max Rounds: 10"","""",""Round 1: Orbit_HyperAndroidMK1_508 (Paper) beats Orbit_PatternBot (Spock) - Score: 1-0"",""Round 2: Orbit_HyperAndroidMK1_508 (Scissors) beats Orbit_PatternBot (Lizard) - Score: 2-0"",""Round 3: Orbit_PatternBot (Scissors) beats Orbit_HyperAndroidMK1_508 (Lizard) - Score: 2-1"",""Round 4: Draw - Spock vs Spock - Score: 2-1"",""Round 5: Orbit_PatternBot (Paper) beats Orbit_HyperAndroidMK1_508 (Rock) - Score: 2-2"",""Round 6: Orbit_PatternBot (Scissors) beats Orbit_HyperAndroidMK1_508 (Paper) - Score: 2-3"",""Round 7: Orbit_PatternBot (Rock) beats Orbit_HyperAndroidMK1_508 (Scissors) - Score: 2-4"",""Round 8: Orbit_HyperAndroidMK1_508 (Lizard) beats Orbit_PatternBot (Paper) - Score: 3-4"",""Round 9: Orbit_HyperAndroidMK1_508 (Spock) beats Orbit_PatternBot (Scissors) - Score: 4-4"",""Round 10: Orbit_PatternBot (Paper) beats Orbit_HyperAndroidMK1_508 (Rock) - Score: 4-5"","""",""=== Final Result ==="",""Winner: Orbit_PatternBot"",""Final Score: Orbit_HyperAndroidMK1_508 4 - 5 Orbit_PatternBot"",""Duration: 00:00:01.5160840""]"
﻿RPSLS,Orbit_MacroBladeOmega_8,mylovelybot_yossi_or,Group F,2026-02-22 11:23:20,1806,1,"[""=== RPSLS Match: Orbit_MacroBladeOmega_8 vs mylovelybot_yossi_or ==="",""Max Rounds: 10"","""",""Round 1: mylovelybot_yossi_or (Lizard) beats Orbit_MacroBladeOmega_8 (Paper) - Score: 0-1"",""Round 2: Orbit_MacroBladeOmega_8 (Scissors) beats mylovelybot_yossi_or (Lizard) - Score: 1-1"",""Round 3: mylovelybot_yossi_or (Rock) beats Orbit_MacroBladeOmega_8 (Lizard) - Score: 1-2"",""Round 4: Orbit_MacroBladeOmega_8 (Spock) beats mylovelybot_yossi_or (Scissors) - Score: 2-2"",""Round 5: Orbit_MacroBladeOmega_8 (Rock) beats mylovelybot_yossi_or (Lizard) - Score: 3-2"",""Round 6: Orbit_MacroBladeOmega_8 (Paper) beats mylovelybot_yossi_or (Rock) - Score: 4-2"",""Round 7: Draw - Scissors vs Scissors - Score: 4-2"",""Round 8: mylovelybot_yossi_or (Rock) beats Orbit_MacroBladeOmega_8 (Lizard) - Score: 4-3"",""Round 9: Draw - Spock vs Spock - Score: 4-3"",""Round 10: Draw - Rock vs Rock - Score: 4-3"","""",""=== Final Result ==="",""Winner: Orbit_MacroBladeOmega_8"",""Final Score: Orbit_MacroBladeOmega_8 4 - 3 mylovelybot_yossi_or"",""Duration: 00:00:01.8066707""]"
﻿RPSLS,Tribble,Orbit_SprintGorillaSigma_19,Group G,2026-02-22 11:23:20,1526,1,"[""=== RPSLS Match: Tribble vs Orbit_SprintGorillaSigma_19 ==="",""Max Rounds: 10"","""",""Round 1: Tribble (Lizard) beats Orbit_SprintGorillaSigma_19 (Paper) - Score: 1-0"",""Round 2: Tribble (Spock) beats Orbit_SprintGorillaSigma_19 (Scissors) - Score: 2-0"",""Round 3: Tribble (Rock) beats Orbit_SprintGorillaSigma_19 (Lizard) - Score: 3-0"",""Round 4: Draw - Spock vs Spock - Score: 3-0"",""Round 5: Tribble (Spock) beats Orbit_SprintGorillaSigma_19 (Rock) - Score: 4-0"",""Round 6: Tribble (Lizard) beats Orbit_SprintGorillaSigma_19 (Paper) - Score: 5-0"",""Round 7: Tribble (Rock) beats Orbit_SprintGorillaSigma_19 (Scissors) - Score: 6-0"",""Round 8: Tribble (Scissors) beats Orbit_SprintGorillaSigma_19 (Lizard) - Score: 7-0"",""Round 9: Tribble (Lizard) beats Orbit_SprintGorillaSigma_19 (Spock) - Score: 8-0"",""Round 10: Tribble (Paper) beats Orbit_SprintGorillaSigma_19 (Rock) - Score: 9-0"","""",""=== Final Result ==="",""Winner: Tribble"",""Final Score: Tribble 9 - 0 Orbit_SprintGorillaSigma_19"",""Duration: 00:00:01.5262211""]"
﻿RPSLS,Orbit_MacroBladeOmega_8,Orbit_LegendarySpiritMaster_0,Group F,2026-02-22 11:23:20,1009,3,"[""=== RPSLS Match: Orbit_MacroBladeOmega_8 vs Orbit_LegendarySpiritMaster_0 ==="",""Max Rounds: 10"","""",""Round 1: Draw - Paper vs Paper - Score: 0-0"",""Round 2: Draw - Scissors vs Scissors - Score: 0-0"",""Round 3: Draw - Lizard vs Lizard - Score: 0-0"",""Round 4: Draw - Spock vs Spock - Score: 0-0"",""Round 5: Draw - Rock vs Rock - Score: 0-0"",""Round 6: Draw - Paper vs Paper - Score: 0-0"",""Round 7: Draw - Scissors vs Scissors - Score: 0-0"",""Round 8: Draw - Lizard vs Lizard - Score: 0-0"",""Round 9: Draw - Spock vs Spock - Score: 0-0"",""Round 10: Draw - Rock vs Rock - Score: 0-0"","""",""=== Final Result ==="",""Winner: Draw"",""Final Score: Orbit_MacroBladeOmega_8 0 - 0 Orbit_LegendarySpiritMaster_0"",""Duration: 00:00:01.0098767""]"
﻿RPSLS,Orbit_WiseBladeTwo_523,Orbit_AggressorBot,Group A,2026-02-22 11:23:20,1227,2,"[""=== RPSLS Match: Orbit_WiseBladeTwo_523 vs Orbit_AggressorBot ==="",""Max Rounds: 10"","""",""Round 1: Draw - Paper vs Paper - Score: 0-0"",""Round 2: Draw - Scissors vs Scissors - Score: 0-0"",""Round 3: Orbit_AggressorBot (Rock) beats Orbit_WiseBladeTwo_523 (Lizard) - Score: 0-1"",""Round 4: Orbit_WiseBladeTwo_523 (Spock) beats Orbit_AggressorBot (Scissors) - Score: 1-1"",""Round 5: Orbit_AggressorBot (Spock) beats Orbit_WiseBladeTwo_523 (Rock) - Score: 1-2"",""Round 6: Draw - Paper vs Paper - Score: 1-2"",""Round 7: Orbit_WiseBladeTwo_523 (Scissors) beats Orbit_AggressorBot (Lizard) - Score: 2-2"",""Round 8: Orbit_AggressorBot (Rock) beats Orbit_WiseBladeTwo_523 (Lizard) - Score: 2-3"",""Round 9: Orbit_WiseBladeTwo_523 (Spock) beats Orbit_AggressorBot (Scissors) - Score: 3-3"",""Round 10: Orbit_AggressorBot (Spock) beats Orbit_WiseBladeTwo_523 (Rock) - Score: 3-4"","""",""=== Final Result ==="",""Winner: Orbit_AggressorBot"",""Final Score: Orbit_WiseBladeTwo_523 3 - 4 Orbit_AggressorBot"",""Duration: 00:00:01.2273765""]"
﻿RPSLS,adilipPatternHunter,Orbit_TeraRobotV1_529,Group H,2026-02-22 11:23:20,1307,2,"[""=== RPSLS Match: adilipPatternHunter vs Orbit_TeraRobotV1_529 ==="",""Max Rounds: 10"","""",""Round 1: Orbit_TeraRobotV1_529 (Paper) beats adilipPatternHunter (Rock) - Score: 0-1"",""Round 2: adilipPatternHunter (Spock) beats Orbit_TeraRobotV1_529 (Scissors) - Score: 1-1"",""Round 3: adilipPatternHunter (Rock) beats Orbit_TeraRobotV1_529 (Lizard) - Score: 2-1"",""Round 4: Orbit_TeraRobotV1_529 (Spock) beats adilipPatternHunter (Rock) - Score: 2-2"",""Round 5: Orbit_TeraRobotV1_529 (Rock) beats adilipPatternHunter (Scissors) - Score: 2-3"",""Round 6: Orbit_TeraRobotV1_529 (Paper) beats adilipPatternHunter (Rock) - Score: 2-4"",""Round 7: Orbit_TeraRobotV1_529 (Scissors) beats adilipPatternHunter (Lizard) - Score: 2-5"",""Round 8: adilipPatternHunter (Rock) beats Orbit_TeraRobotV1_529 (Lizard) - Score: 3-5"",""Round 9: Orbit_TeraRobotV1_529 (Spock) beats adilipPatternHunter (Scissors) - Score: 3-6"",""Round 10: adilipPatternHunter (Spock) beats Orbit_TeraRobotV1_529 (Rock) - Score: 4-6"","""",""=== Final Result ==="",""Winner: Orbit_TeraRobotV1_529"",""Final Score: adilipPatternHunter 4 - 6 Orbit_TeraRobotV1_529"",""Duration: 00:00:01.3071564""]"
﻿RPSLS,Orbit_DarkGiantBot_527,Orbit_GammaTempestAI_3,Group D,2026-02-22 11:23:20,1188,3,"[""=== RPSLS Match: Orbit_DarkGiantBot_527 vs Orbit_GammaTempestAI_3 ==="",""Max Rounds: 10"","""",""Round 1: Draw - Paper vs Paper - Score: 0-0"",""Round 2: Draw - Scissors vs Scissors - Score: 0-0"",""Round 3: Draw - Lizard vs Lizard - Score: 0-0"",""Round 4: Draw - Spock vs Spock - Score: 0-0"",""Round 5: Draw - Rock vs Rock - Score: 0-0"",""Round 6: Draw - Paper vs Paper - Score: 0-0"",""Round 7: Draw - Scissors vs Scissors - Score: 0-0"",""Round 8: Draw - Lizard vs Lizard - Score: 0-0"",""Round 9: Draw - Spock vs Spock - Score: 0-0"",""Round 10: Draw - Rock vs Rock - Score: 0-0"","""",""=== Final Result ==="",""Winner: Draw"",""Final Score: Orbit_DarkGiantBot_527 0 - 0 Orbit_GammaTempestAI_3"",""Duration: 00:00:01.1884264""]"
﻿RPSLS,Orbit_CosmicMeteorAlpha_528,Orbit_CosmicCoreUltra_501,Group I,2026-02-22 11:23:20,1238,3,"[""=== RPSLS Match: Orbit_CosmicMeteorAlpha_528 vs Orbit_CosmicCoreUltra_501 ==="",""Max Rounds: 10"","""",""Round 1: Draw - Paper vs Paper - Score: 0-0"",""Round 2: Draw - Scissors vs Scissors - Score: 0-0"",""Round 3: Draw - Lizard vs Lizard - Score: 0-0"",""Round 4: Draw - Spock vs Spock - Score: 0-0"",""Round 5: Draw - Rock vs Rock - Score: 0-0"",""Round 6: Draw - Paper vs Paper - Score: 0-0"",""Round 7: Draw - Scissors vs Scissors - Score: 0-0"",""Round 8: Draw - Lizard vs Lizard - Score: 0-0"",""Round 9: Draw - Spock vs Spock - Score: 0-0"",""Round 10: Draw - Rock vs Rock - Score: 0-0"","""",""=== Final Result ==="",""Winner: Draw"",""Final Score: Orbit_CosmicMeteorAlpha_528 0 - 0 Orbit_CosmicCoreUltra_501"",""Duration: 00:00:01.2388683""]"
﻿RPSLS,Orbit_SwiftChaserLord_517,Orbit_DiamondTempestNet_515,Group D,2026-02-22 11:23:20,1235,3,"[""=== RPSLS Match: Orbit_SwiftChaserLord_517 vs Orbit_DiamondTempestNet_515 ==="",""Max Rounds: 10"","""",""Round 1: Draw - Paper vs Paper - Score: 0-0"",""Round 2: Draw - Scissors vs Scissors - Score: 0-0"",""Round 3: Draw - Lizard vs Lizard - Score: 0-0"",""Round 4: Draw - Spock vs Spock - Score: 0-0"",""Round 5: Draw - Rock vs Rock - Score: 0-0"",""Round 6: Draw - Paper vs Paper - Score: 0-0"",""Round 7: Draw - Scissors vs Scissors - Score: 0-0"",""Round 8: Draw - Lizard vs Lizard - Score: 0-0"",""Round 9: Draw - Spock vs Spock - Score: 0-0"",""Round 10: Draw - Rock vs Rock - Score: 0-0"","""",""=== Final Result ==="",""Winner: Draw"",""Final Score: Orbit_SwiftChaserLord_517 0 - 0 Orbit_DiamondTempestNet_515"",""Duration: 00:00:01.2358189""]"
﻿RPSLS,Orbit_SmoothEntityX_505,Orbit_ArcticChaserMK2_28,Group J,2026-02-22 11:23:20,1133,3,"[""=== RPSLS Match: Orbit_SmoothEntityX_505 vs Orbit_ArcticChaserMK2_28 ==="",""Max Rounds: 10"","""",""Round 1: Draw - Paper vs Paper - Score: 0-0"",""Round 2: Draw - Scissors vs Scissors - Score: 0-0"",""Round 3: Draw - Lizard vs Lizard - Score: 0-0"",""Round 4: Draw - Spock vs Spock - Score: 0-0"",""Round 5: Draw - Rock vs Rock - Score: 0-0"",""Round 6: Draw - Paper vs Paper - Score: 0-0"",""Round 7: Draw - Scissors vs Scissors - Score: 0-0"",""Round 8: Draw - Lizard vs Lizard - Score: 0-0"",""Round 9: Draw - Spock vs Spock - Score: 0-0"",""Round 10: Draw - Rock vs Rock - Score: 0-0"","""",""=== Final Result ==="",""Winner: Draw"",""Final Score: Orbit_SmoothEntityX_505 0 - 0 Orbit_ArcticChaserMK2_28"",""Duration: 00:00:01.1334826""]"
﻿RPSLS,Orbit_RiverEntity8000_506,Orbit_Yossi_winnerbot_28,Group C,2026-02-22 11:23:20,1198,2,"[""=== RPSLS Match: Orbit_RiverEntity8000_506 vs Orbit_Yossi_winnerbot_28 ==="",""Max Rounds: 10"","""",""Round 1: Orbit_Yossi_winnerbot_28 (Scissors) beats Orbit_RiverEntity8000_506 (Paper) - Score: 0-1"",""Round 2: Orbit_Yossi_winnerbot_28 (Rock) beats Orbit_RiverEntity8000_506 (Scissors) - Score: 0-2"",""Round 3: Orbit_Yossi_winnerbot_28 (Rock) beats Orbit_RiverEntity8000_506 (Lizard) - Score: 0-3"",""Round 4: Orbit_Yossi_winnerbot_28 (Lizard) beats Orbit_RiverEntity8000_506 (Spock) - Score: 0-4"",""Round 5: Orbit_Yossi_winnerbot_28 (Paper) beats Orbit_RiverEntity8000_506 (Rock) - Score: 0-5"",""Round 6: Orbit_Yossi_winnerbot_28 (Scissors) beats Orbit_RiverEntity8000_506 (Paper) - Score: 0-6"",""Round 7: Orbit_Yossi_winnerbot_28 (Rock) beats Orbit_RiverEntity8000_506 (Scissors) - Score: 0-7"",""Round 8: Orbit_Yossi_winnerbot_28 (Rock) beats Orbit_RiverEntity8000_506 (Lizard) - Score: 0-8"",""Round 9: Orbit_Yossi_winnerbot_28 (Lizard) beats Orbit_RiverEntity8000_506 (Spock) - Score: 0-9"",""Round 10: Orbit_Yossi_winnerbot_28 (Paper) beats Orbit_RiverEntity8000_506 (Rock) - Score: 0-10"","""",""=== Final Result ==="",""Winner: Orbit_Yossi_winnerbot_28"",""Final Score: Orbit_RiverEntity8000_506 0 - 10 Orbit_Yossi_winnerbot_28"",""Duration: 00:00:01.1986728""]"
﻿RPSLS,Orbit_MicroPlanetLab_11,Orbit_TeraRobotV1_529,Group H,2026-02-22 11:23:20,1002,3,"[""=== RPSLS Match: Orbit_MicroPlanetLab_11 vs Orbit_TeraRobotV1_529 ==="",""Max Rounds: 10"","""",""Round 1: Draw - Paper vs Paper - Score: 0-0"",""Round 2: Draw - Scissors vs Scissors - Score: 0-0"",""Round 3: Draw - Lizard vs Lizard - Score: 0-0"",""Round 4: Draw - Spock vs Spock - Score: 0-0"",""Round 5: Draw - Rock vs Rock - Score: 0-0"",""Round 6: Draw - Paper vs Paper - Score: 0-0"",""Round 7: Draw - Scissors vs Scissors - Score: 0-0"",""Round 8: Draw - Lizard vs Lizard - Score: 0-0"",""Round 9: Draw - Spock vs Spock - Score: 0-0"",""Round 10: Draw - Rock vs Rock - Score: 0-0"","""",""=== Final Result ==="",""Winner: Draw"",""Final Score: Orbit_MicroPlanetLab_11 0 - 0 Orbit_TeraRobotV1_529"",""Duration: 00:00:01.0024203""]"
﻿RPSLS,Orbit_Yossi_winnerbot_10,Orbit_LightGalaxyTech_13,Group A,2026-02-22 11:23:21,2236,1,"[""=== RPSLS Match: Orbit_Yossi_winnerbot_10 vs Orbit_LightGalaxyTech_13 ==="",""Max Rounds: 10"","""",""Round 1: Orbit_Yossi_winnerbot_10 (Scissors) beats Orbit_LightGalaxyTech_13 (Paper) - Score: 1-0"",""Round 2: Orbit_Yossi_winnerbot_10 (Rock) beats Orbit_LightGalaxyTech_13 (Scissors) - Score: 2-0"",""Round 3: Orbit_Yossi_winnerbot_10 (Rock) beats Orbit_LightGalaxyTech_13 (Lizard) - Score: 3-0"",""Round 4: Orbit_Yossi_winnerbot_10 (Lizard) beats Orbit_LightGalaxyTech_13 (Spock) - Score: 4-0"",""Round 5: Orbit_Yossi_winnerbot_10 (Paper) beats Orbit_LightGalaxyTech_13 (Rock) - Score: 5-0"",""Round 6: Orbit_Yossi_winnerbot_10 (Scissors) beats Orbit_LightGalaxyTech_13 (Paper) - Score: 6-0"",""Round 7: Orbit_Yossi_winnerbot_10 (Rock) beats Orbit_LightGalaxyTech_13 (Scissors) - Score: 7-0"",""Round 8: Orbit_Yossi_winnerbot_10 (Rock) beats Orbit_LightGalaxyTech_13 (Lizard) - Score: 8-0"",""Round 9: Orbit_Yossi_winnerbot_10 (Lizard) beats Orbit_LightGalaxyTech_13 (Spock) - Score: 9-0"",""Round 10: Orbit_Yossi_winnerbot_10 (Paper) beats Orbit_LightGalaxyTech_13 (Rock) - Score: 10-0"","""",""=== Final Result ==="",""Winner: Orbit_Yossi_winnerbot_10"",""Final Score: Orbit_Yossi_winnerbot_10 10 - 0 Orbit_LightGalaxyTech_13"",""Duration: 00:00:02.2360114""]"
﻿RPSLS,Orbit_Yossi_winnerbot_20,Orbit_UltraFalconDev_525,Group F,2026-02-22 11:24:49,945,1,"[""=== RPSLS Match: Orbit_Yossi_winnerbot_20 vs Orbit_UltraFalconDev_525 ==="",""Max Rounds: 10"","""",""Round 1: Orbit_Yossi_winnerbot_20 (Scissors) beats Orbit_UltraFalconDev_525 (Paper) - Score: 1-0"",""Round 2: Orbit_Yossi_winnerbot_20 (Rock) beats Orbit_UltraFalconDev_525 (Scissors) - Score: 2-0"",""Round 3: Orbit_Yossi_winnerbot_20 (Rock) beats Orbit_UltraFalconDev_525 (Lizard) - Score: 3-0"",""Round 4: Orbit_Yossi_winnerbot_20 (Lizard) beats Orbit_UltraFalconDev_525 (Spock) - Score: 4-0"",""Round 5: Orbit_Yossi_winnerbot_20 (Paper) beats Orbit_UltraFalconDev_525 (Rock) - Score: 5-0"",""Round 6: Orbit_Yossi_winnerbot_20 (Scissors) beats Orbit_UltraFalconDev_525 (Paper) - Score: 6-0"",""Round 7: Orbit_Yossi_winnerbot_20 (Rock) beats Orbit_UltraFalconDev_525 (Scissors) - Score: 7-0"",""Round 8: Orbit_Yossi_winnerbot_20 (Rock) beats Orbit_UltraFalconDev_525 (Lizard) - Score: 8-0"",""Round 9: Orbit_Yossi_winnerbot_20 (Lizard) beats Orbit_UltraFalconDev_525 (Spock) - Score: 9-0"",""Round 10: Orbit_Yossi_winnerbot_20 (Paper) beats Orbit_UltraFalconDev_525 (Rock) - Score: 10-0"","""",""=== Final Result ==="",""Winner: Orbit_Yossi_winnerbot_20"",""Final Score: Orbit_Yossi_winnerbot_20 10 - 0 Orbit_UltraFalconDev_525"",""Duration: 00:00:00.9458741""]"
﻿RPSLS,Orbit_Yossi_winnerbot_6,Orbit_ArcticChaserMK2_28,Group J,2026-02-22 11:24:48,1167,1,"[""=== RPSLS Match: Orbit_Yossi_winnerbot_6 vs Orbit_ArcticChaserMK2_28 ==="",""Max Rounds: 10"","""",""Round 1: Orbit_Yossi_winnerbot_6 (Scissors) beats Orbit_ArcticChaserMK2_28 (Paper) - Score: 1-0"",""Round 2: Orbit_Yossi_winnerbot_6 (Rock) beats Orbit_ArcticChaserMK2_28 (Scissors) - Score: 2-0"",""Round 3: Orbit_Yossi_winnerbot_6 (Rock) beats Orbit_ArcticChaserMK2_28 (Lizard) - Score: 3-0"",""Round 4: Orbit_Yossi_winnerbot_6 (Lizard) beats Orbit_ArcticChaserMK2_28 (Spock) - Score: 4-0"",""Round 5: Orbit_Yossi_winnerbot_6 (Paper) beats Orbit_ArcticChaserMK2_28 (Rock) - Score: 5-0"",""Round 6: Orbit_Yossi_winnerbot_6 (Scissors) beats Orbit_ArcticChaserMK2_28 (Paper) - Score: 6-0"",""Round 7: Orbit_Yossi_winnerbot_6 (Rock) beats Orbit_ArcticChaserMK2_28 (Scissors) - Score: 7-0"",""Round 8: Orbit_Yossi_winnerbot_6 (Rock) beats Orbit_ArcticChaserMK2_28 (Lizard) - Score: 8-0"",""Round 9: Orbit_Yossi_winnerbot_6 (Lizard) beats Orbit_ArcticChaserMK2_28 (Spock) - Score: 9-0"",""Round 10: Orbit_Yossi_winnerbot_6 (Paper) beats Orbit_ArcticChaserMK2_28 (Rock) - Score: 10-0"","""",""=== Final Result ==="",""Winner: Orbit_Yossi_winnerbot_6"",""Final Score: Orbit_Yossi_winnerbot_6 10 - 0 Orbit_ArcticChaserMK2_28"",""Duration: 00:00:01.1679809""]"
﻿RPSLS,Orbit_SapphireSpartanMK1_16,Orbit_Yossi_dummybot_4,Group H,2026-02-22 11:24:48,1143,3,"[""=== RPSLS Match: Orbit_SapphireSpartanMK1_16 vs Orbit_Yossi_dummybot_4 ==="",""Max Rounds: 10"","""",""Round 1: Orbit_SapphireSpartanMK1_16 (Paper) beats Orbit_Yossi_dummybot_4 (Spock) - Score: 1-0"",""Round 2: Orbit_Yossi_dummybot_4 (Spock) beats Orbit_SapphireSpartanMK1_16 (Scissors) - Score: 1-1"",""Round 3: Orbit_SapphireSpartanMK1_16 (Lizard) beats Orbit_Yossi_dummybot_4 (Spock) - Score: 2-1"",""Round 4: Draw - Spock vs Spock - Score: 2-1"",""Round 5: Orbit_Yossi_dummybot_4 (Spock) beats Orbit_SapphireSpartanMK1_16 (Rock) - Score: 2-2"",""Round 6: Orbit_SapphireSpartanMK1_16 (Paper) beats Orbit_Yossi_dummybot_4 (Spock) - Score: 3-2"",""Round 7: Orbit_Yossi_dummybot_4 (Spock) beats Orbit_SapphireSpartanMK1_16 (Scissors) - Score: 3-3"",""Round 8: Orbit_SapphireSpartanMK1_16 (Lizard) beats Orbit_Yossi_dummybot_4 (Spock) - Score: 4-3"",""Round 9: Draw - Spock vs Spock - Score: 4-3"",""Round 10: Orbit_Yossi_dummybot_4 (Spock) beats Orbit_SapphireSpartanMK1_16 (Rock) - Score: 4-4"","""",""=== Final Result ==="",""Winner: Draw"",""Final Score: Orbit_SapphireSpartanMK1_16 4 - 4 Orbit_Yossi_dummybot_4"",""Duration: 00:00:01.1436824""]"
﻿RPSLS,Orbit_SprintTigerMK3_503,GuyBot,Group E,2026-02-22 11:24:48,1018,1,"[""=== RPSLS Match: Orbit_SprintTigerMK3_503 vs GuyBot ==="",""Max Rounds: 10"","""",""Round 1: GuyBot (Lizard) beats Orbit_SprintTigerMK3_503 (Paper) - Score: 0-1"",""Round 2: Orbit_SprintTigerMK3_503 (Scissors) beats GuyBot (Paper) - Score: 1-1"",""Round 3: Orbit_SprintTigerMK3_503 (Lizard) beats GuyBot (Paper) - Score: 2-1"",""Round 4: Orbit_SprintTigerMK3_503 (Spock) beats GuyBot (Scissors) - Score: 3-1"",""Round 5: GuyBot (Paper) beats Orbit_SprintTigerMK3_503 (Rock) - Score: 3-2"",""Round 6: Orbit_SprintTigerMK3_503 (Paper) beats GuyBot (Rock) - Score: 4-2"",""Round 7: Orbit_SprintTigerMK3_503 (Scissors) beats GuyBot (Lizard) - Score: 5-2"",""Round 8: Orbit_SprintTigerMK3_503 (Lizard) beats GuyBot (Spock) - Score: 6-2"",""Round 9: Draw - Spock vs Spock - Score: 6-2"",""Round 10: Orbit_SprintTigerMK3_503 (Rock) beats GuyBot (Scissors) - Score: 7-2"","""",""=== Final Result ==="",""Winner: Orbit_SprintTigerMK3_503"",""Final Score: Orbit_SprintTigerMK3_503 7 - 2 GuyBot"",""Duration: 00:00:01.0188267""]"
﻿RPSLS,Orbit_PrimeBearOne_516,Orbit_SlickViking5000_6,Group H,2026-02-22 11:24:48,1438,3,"[""=== RPSLS Match: Orbit_PrimeBearOne_516 vs Orbit_SlickViking5000_6 ==="",""Max Rounds: 10"","""",""Round 1: Draw - Paper vs Paper - Score: 0-0"",""Round 2: Draw - Scissors vs Scissors - Score: 0-0"",""Round 3: Draw - Lizard vs Lizard - Score: 0-0"",""Round 4: Draw - Spock vs Spock - Score: 0-0"",""Round 5: Draw - Rock vs Rock - Score: 0-0"",""Round 6: Draw - Paper vs Paper - Score: 0-0"",""Round 7: Draw - Scissors vs Scissors - Score: 0-0"",""Round 8: Draw - Lizard vs Lizard - Score: 0-0"",""Round 9: Draw - Spock vs Spock - Score: 0-0"",""Round 10: Draw - Rock vs Rock - Score: 0-0"","""",""=== Final Result ==="",""Winner: Draw"",""Final Score: Orbit_PrimeBearOne_516 0 - 0 Orbit_SlickViking5000_6"",""Duration: 00:00:01.4388419""]"
﻿RPSLS,Orbit_TeraPirateZ_2,Orbit_Yossi_dummybot_1,Group H,2026-02-22 11:24:48,1258,2,"[""=== RPSLS Match: Orbit_TeraPirateZ_2 vs Orbit_Yossi_dummybot_1 ==="",""Max Rounds: 10"","""",""Round 1: Orbit_Yossi_dummybot_1 (Lizard) beats Orbit_TeraPirateZ_2 (Paper) - Score: 0-1"",""Round 2: Orbit_Yossi_dummybot_1 (Rock) beats Orbit_TeraPirateZ_2 (Scissors) - Score: 0-2"",""Round 3: Orbit_Yossi_dummybot_1 (Scissors) beats Orbit_TeraPirateZ_2 (Lizard) - Score: 0-3"",""Round 4: Draw - Spock vs Spock - Score: 0-3"",""Round 5: Orbit_Yossi_dummybot_1 (Paper) beats Orbit_TeraPirateZ_2 (Rock) - Score: 0-4"",""Round 6: Orbit_Yossi_dummybot_1 (Lizard) beats Orbit_TeraPirateZ_2 (Paper) - Score: 0-5"",""Round 7: Orbit_Yossi_dummybot_1 (Rock) beats Orbit_TeraPirateZ_2 (Scissors) - Score: 0-6"",""Round 8: Orbit_Yossi_dummybot_1 (Scissors) beats Orbit_TeraPirateZ_2 (Lizard) - Score: 0-7"",""Round 9: Draw - Spock vs Spock - Score: 0-7"",""Round 10: Orbit_Yossi_dummybot_1 (Paper) beats Orbit_TeraPirateZ_2 (Rock) - Score: 0-8"","""",""=== Final Result ==="",""Winner: Orbit_Yossi_dummybot_1"",""Final Score: Orbit_TeraPirateZ_2 0 - 8 Orbit_Yossi_dummybot_1"",""Duration: 00:00:01.2584805""]"
﻿RPSLS,Orbit_CosmicSpearDev_23,Orbit_SigmaHammer3000_522,Group B,2026-02-22 11:24:48,1317,3,"[""=== RPSLS Match: Orbit_CosmicSpearDev_23 vs Orbit_SigmaHammer3000_522 ==="",""Max Rounds: 10"","""",""Round 1: Draw - Paper vs Paper - Score: 0-0"",""Round 2: Draw - Scissors vs Scissors - Score: 0-0"",""Round 3: Draw - Lizard vs Lizard - Score: 0-0"",""Round 4: Draw - Spock vs Spock - Score: 0-0"",""Round 5: Draw - Rock vs Rock - Score: 0-0"",""Round 6: Draw - Paper vs Paper - Score: 0-0"",""Round 7: Draw - Scissors vs Scissors - Score: 0-0"",""Round 8: Draw - Lizard vs Lizard - Score: 0-0"",""Round 9: Draw - Spock vs Spock - Score: 0-0"",""Round 10: Draw - Rock vs Rock - Score: 0-0"","""",""=== Final Result ==="",""Winner: Draw"",""Final Score: Orbit_CosmicSpearDev_23 0 - 0 Orbit_SigmaHammer3000_522"",""Duration: 00:00:01.3172030""]"
